channel_id,title,username,tag,flag_count,flag_clean_brands,flag_listy,flag_formatted,flag_low_eng,flag_no_slang,flag_uniform,n_total,n_sample,posts_per_day,len_mean,len_median,pre2022_ratio,brand_gap,clean_brand_ratio,translit_typo_ratio,ai_topic,ad_ratio,fwd_ratio,emoji_density_mean,fmt_density_mean,list_ratio_mean,ttr_mean,burstiness_mean,slang_ratio,eng_views_med,eng_react_rate,eng_reply_rate,low_eng_flag
1126965070,ЗаДень - Boryaba AI News,boryabanews,,3,1,1,1,0,1,0,449,120,1.444,1065.2333,888.5,1.0,0.8083,0.8083,0.0,1,0.0,0.0,0.0306,0.0156,0.6647,0.7313,1.0605,0.0083,865.0,0.0,0.0,0
1040370540,Mobile Development by AppTractor,apptractor,,2,1,1,0,0,1,0,4150,5,1.12,903.2,498.0,0.2,0.6,0.6,0.0,1,0.0,0.0,0.0,0.0058,0.3,0.7752,0.7202,0.0,975.0,0.001,0.0,0
1094435752,Квест Теория Каст и Ролей,alexkrol,,2,1,1,0,0,0,0,6528,8,1.901,3061.375,3629.5,0.125,0.625,0.625,0.0,1,0.0,0.125,0.0078,0.0021,0.219,0.7088,0.6198,0.125,1001.5,0.0101,0.0,0
1105926780,EDU,ProductsAndStartups,,2,1,1,0,0,0,0,1153,7,0.347,2009.0,2000.0,0.1429,0.8,0.8,0.0,1,0.0,0.0,0.01,0.0049,0.3392,0.7155,0.7729,0.6,3874.0,0.015,0.0034,0
1219878246,Python Portal,PythonPortal,,2,1,1,0,0,1,0,180,6,2.222,502.8333,390.5,0.0,1.0,1.0,0.0,1,0.1667,0.0,0.5699,0.0042,0.1694,0.8757,0.664,0.0,2235.0,0.0039,0.0001,0
1438787549,Don't Panic Junior IT Jobs,Job_IT_Junior,,2,1,1,0,0,1,0,133,31,0.086,999.0,1066.0,0.9355,0.7143,0.7143,0.0,1,0.2258,0.0,0.3433,0.0087,0.3282,0.8067,0.6657,0.0,2677.0,0.0003,0.0,0
1475971164,radio-t,radio_t_podcast,,2,1,0,1,0,1,0,206,113,0.089,420.1947,422.0,0.0885,0.875,0.875,0.0,1,0.0,0.0,0.0,0.0315,0.0257,0.8231,0.4565,0.0,5920.0,0.0044,0.0006,0
1478971868,Upwork вакансии | Веб Дизайн | Web Design,upwork_design_job,,2,1,1,0,0,0,0,108,54,0.072,1030.5556,905.5,0.6852,0.4444,0.4444,0.0,1,0.0,0.0,0.0119,0.0075,0.1015,0.8117,0.6703,0.037,1.0,0.0,0.0,0
1633415027,GCONF / AI LOVERS,gptlovers,,2,1,1,0,0,1,0,277,5,0.264,995.8,861.0,0.0,0.4,0.4,0.0,1,0.0,0.0,0.1649,0.005,0.1165,0.8015,0.4501,0.0,2209.0,0.0141,0.0005,0
1711892506,Russians in Paris,russians_in_paris,,2,0,1,1,0,1,0,2317,2,1.742,303.0,303.0,0.5,,0.0,0.0,0,0.5,0.0,4.5652,0.0171,0.2857,0.9741,0.5646,0.0,0.0,0.0,0.0,0
1857490715,UPD: что в мире технологий?,robert_content,,2,1,1,0,0,1,1,351,7,0.283,717.4286,868.0,0.0,0.5,0.5,0.0,1,0.1429,0.0,0.1249,0.0051,0.5685,0.7763,0.2696,0.0,17.0,0.1,0.0,0
1879711135,Сергей Предводителев,sergei_predvoditelev,,2,1,1,0,0,0,0,245,120,0.37,1293.5833,1297.0,0.0,0.4583,0.4583,0.0,1,0.0333,0.0,0.1938,0.0037,0.1517,0.7153,0.7297,0.0333,1623.0,0.0153,0.009,0
1935988068,Kumar & Solo,solokumi,,2,1,1,0,0,1,0,300,5,0.259,3196.8,3876.0,0.0,1.0,1.0,0.0,1,0.2,0.0,0.1023,0.0034,0.152,0.7289,0.7662,0.0,10770.0,0.0355,0.001,0
2018612012,Турагентство Азбука Стран,azbukastran,,2,0,1,1,0,1,0,1972,4,2.698,1549.5,1470.0,0.0,0.25,0.25,0.0,1,0.25,0.0,2.2458,0.0172,0.125,0.5978,0.8776,0.0,126.5,0.0018,0.0,0
2090605973,PRO AI,akmal_pro_ai,,2,1,1,0,0,0,0,76,69,0.186,1480.4058,1408.0,0.0,0.7612,0.7612,0.0,1,0.0435,0.0435,0.0509,0.005,0.1302,0.7733,0.6887,0.0299,173.0,0.0311,0.0,0
2110095907,"Vibe Coding: OpenCode, Claude Code, Codex, Cursor, Kilo",prog_ai,,2,1,1,0,0,0,0,212,16,4.417,661.125,441.0,0.0,0.6154,0.6154,0.0,1,0.0625,0.0,0.1014,0.0099,0.1481,0.7702,0.6197,0.0769,213.5,0.0,0.0,0
2160343566,🌏 Проще говоря. Паттайя,proshepataya,,2,1,1,0,0,1,0,221,12,4.604,1241.1667,1468.5,0.0,0.75,0.75,0.0,1,0.5,0.0,0.7645,0.0025,0.1325,0.8134,0.6825,0.0,0.0,0.0,0.0,0
2252699103,Костя Бектяшкин - эксперт по Китаю,kostya_cn1_gp,,2,1,1,0,0,1,0,201,3,0.764,1320.6667,1090.0,0.0,0.6667,0.6667,0.0,1,0.0,0.0,0.3746,0.0126,0.2071,0.7725,0.7157,0.0,1068.0,0.0116,0.0,0
2273349814,Refat Talks: Tech & AI,nobilix,,2,1,1,0,0,0,0,222,6,0.496,1841.3333,1640.0,0.0,0.5,0.5,0.0,1,0.0,0.1667,0.2073,0.005,0.2252,0.7713,0.7972,0.3333,2991.5,0.0262,0.0021,0
2493286662,Департамент Разработки,DevQ_A,,2,1,1,0,0,1,0,437,10,1.383,929.8,960.0,0.0,1.0,1.0,0.0,1,0.1,0.0,0.117,0.0029,0.1583,0.8229,0.5129,0.0,43.5,0.09,0.0,0
2627067435,Vibecoder,vibecodings,,2,1,0,1,0,1,0,152,7,0.418,1148.4286,1124.0,0.0,0.5714,0.7143,0.1429,1,0.0,0.0,0.0708,0.0163,0.0,0.8025,0.5764,0.0,1346.0,0.0119,0.0023,0
2744745248,AI STRING | Новости,AiString,,2,1,1,0,1,1,0,1488,5,5.79,496.0,466.0,0.0,0.4,0.4,0.0,1,0.0,0.0,0.5825,0.0044,0.1,0.8342,0.4659,0.0,32.0,0.0,0.0,1
2759587905,"Женя, расскажи про AI",that_ai_guy,,2,1,1,0,0,0,0,60,60,0.364,2034.0167,2001.5,0.0,0.6271,0.6271,0.0,1,0.0,0.0167,0.0636,0.0063,0.1033,0.7144,0.6715,0.1186,236.0,0.0324,0.0015,0
2845235176,Botanic: ИИ для бизнеса,BotanicAI16,,2,1,1,0,0,1,0,529,2,2.108,1682.0,1682.0,0.0,0.5,0.5,0.0,1,0.5,0.0,0.5415,0.0029,0.1111,0.7142,0.6603,0.0,14.5,0.037,0.0,0
2939625576,Олег Тестов | Соло-фаундер в найме,systems_in_life,,2,1,1,0,0,0,0,217,7,0.982,2033.1429,1958.0,0.0,0.8571,0.8571,0.0,1,0.4286,0.0,0.3682,0.008,0.119,0.7278,0.5852,0.2857,68.0,0.0921,0.0,0
3147604656,2030ai - школа изучения ИИ (AI),school2030ai,,2,1,1,0,0,1,0,84,7,0.41,1287.5714,1403.0,0.0,1.0,1.0,0.0,1,0.0,0.0,0.0632,0.0034,0.2107,0.7871,0.7125,0.0,76.0,0.018,0.0,0
3517947702,Хак Так,xak_tak,,2,1,1,0,0,0,0,459,6,3.531,1535.3333,1134.5,0.0,0.5,0.5,0.0,1,0.1667,0.0,0.1589,0.0086,0.2643,0.7365,0.5605,0.1667,102.5,0.01,0.0,0
3546499993,OpenClaw канал про ИИ-агентов,openclawc,,2,1,1,0,0,0,0,304,120,13.818,1432.2,1309.5,0.0,0.8772,0.8947,0.0175,1,0.2417,0.05,0.218,0.0064,0.1537,0.7291,0.6171,0.0702,101.5,0.0122,0.0,0
3765295864,OpenClaw Community,openclawchats,,2,1,1,0,0,0,0,528,120,37.714,1082.8417,1140.5,0.0,0.7912,0.8242,0.033,1,0.2,0.6917,0.2575,0.0056,0.148,0.7428,0.5661,0.0769,86.0,0.0141,0.0,0
3784088822,AI От веб-кодинга к вайб-кодингу 🔥,ai_hub_money,,2,1,1,0,0,1,0,327,2,2.92,851.5,851.5,0.0,1.0,1.0,0.0,1,0.5,0.0,0.7056,0.0065,0.3102,0.8306,0.6942,0.0,29.5,0.0,0.0,0
1009933609,Киря,greenblog,,1,1,0,0,0,0,1,129,2,0.033,1676.5,1676.5,0.5,0.5,0.5,0.0,1,0.0,0.0,0.0,0.0006,0.0,0.8453,0.3273,0.5,209.5,0.0556,0.0018,0
1065632275,БлоGнот,blognot,,1,1,0,0,0,1,0,6662,13,1.814,1033.4615,1053.0,0.0769,0.4615,0.4615,0.0,1,0.0,0.0769,0.0,0.0002,0.0,0.8279,0.5053,0.0,2629.0,0.009,0.0,0
1119660287,Сомелье маркетинга - WebCanape,WebCanapeChannel,,1,1,0,0,0,0,0,1186,113,0.39,1162.9823,1074.0,0.3186,0.4595,0.5135,0.0541,1,0.1947,0.0265,0.345,0.003,0.013,0.7959,0.5676,0.027,956.0,0.0101,0.0,0
1200168356,"Гриненко про ИИ, бизнес и образование",devspotting,,1,1,0,0,0,0,0,141,4,47.0,754.0,549.5,0.0,1.0,1.0,0.0,1,0.0,0.0,0.0,0.0033,0.0,0.8282,0.8354,0.25,220.0,0.0397,0.0046,0
1207434315,do...while...ai,doowhile,,1,1,0,0,0,0,0,207,5,0.11,1676.2,1466.0,0.2,0.4,0.4,0.0,1,0.0,0.0,0.0,0.0011,0.0909,0.7793,0.4615,0.2,494.0,0.0225,0.0034,0
1326068054,Нейросети: магия искусственного интеллекта,hirearobot,,1,0,1,0,0,1,0,382,4,0.123,1693.25,1616.0,0.25,0.25,0.25,0.0,1,0.0,0.0,0.2085,0.0052,0.1862,0.7582,0.8029,0.0,205.0,0.0068,0.0,0
1408939079,Startup School,StartupSchoolOnline,,1,1,0,0,0,1,0,4476,7,1.708,467.5714,389.0,0.1429,0.4286,0.4286,0.0,1,0.0,0.0,0.5288,0.0098,0.0612,0.8988,0.519,0.0,1085.0,0.0,0.0,0
1418550914,Новости Госдумы,gosdumanews,,1,0,1,0,0,1,1,2175,4,1.118,554.0,684.5,0.25,,0.0,0.0,0,0.0,0.0,0.2873,0.0062,0.2202,0.8664,0.425,0.0,58.5,0.0,0.0,0
1429441010,Synaptic Garden,synaptic_garden,,1,1,0,0,0,1,1,147,120,2.882,1655.4333,1615.0,0.0,0.8103,0.819,0.0086,1,0.0,0.0417,0.0158,0.0019,0.003,0.7781,0.4286,0.0172,109.0,0.0,0.0,0
1437485030,Голос Технократии,technokratos,,1,1,0,0,0,1,0,2763,8,1.238,897.375,826.0,0.25,0.75,0.75,0.0,1,0.0,0.0,0.1903,0.0018,0.0,0.8216,0.5297,0.0,478.5,0.0093,0.0,0
1441630965,Max Syabro and a Slop Driven Development,syabro_notes,,1,1,0,0,0,1,0,421,7,0.184,474.4286,204.0,0.1429,0.5,0.5,0.0,1,0.0,0.2857,0.0139,0.0037,0.0833,0.8072,0.5628,0.0,549.0,0.0067,0.0171,0
1444806010,Tell me how to startup (c) Kryak meetings,kryak_startup,,1,0,1,0,1,0,0,1069,120,5.066,1014.5917,669.0,0.6333,0.2222,0.2222,0.0,1,0.275,0.0417,0.5574,0.0029,0.1183,0.8328,0.6026,0.0926,86.0,0.0,0.0,1
1448431624,Haiku,samurai_haiku,,1,1,0,0,0,1,0,460,8,0.22,1375.375,1518.5,0.125,0.75,0.75,0.0,1,0.0,0.125,0.1004,0.0025,0.0,0.7722,0.6338,0.0,237.0,0.0042,0.0,0
1448607506,Windows Club | КДЧ,pcTeapot,,1,1,0,0,0,1,0,6415,15,2.899,748.2,691.0,0.1333,0.4667,0.4667,0.0,1,0.0,0.0,0.0452,0.0029,0.0478,0.7871,0.5959,0.0,1690.0,0.0074,0.0,0
1461173207,Анна Велигжанина,AnnaVeligzhanina,,1,0,1,0,1,1,0,79,8,5.267,297.625,186.0,0.0,,0.0,0.0,0,0.0,0.0,0.0,0.0047,0.125,0.8499,0.5377,0.0,24.5,0.0,0.0,1
1480197231,"Поляков считает: AI, код и кейсы",countwithsasha,,1,1,0,0,0,0,0,225,8,0.123,2434.125,3049.0,0.125,0.625,0.75,0.125,1,0.375,0.0,0.1738,0.0026,0.0217,0.7353,0.7052,0.25,988.5,0.0111,0.0095,0
1500647848,Паттайя Барахолка №1 🇹🇭 Объявления 🇹🇭 Таиланд,pattaya01,,1,0,1,0,1,1,0,4117,15,85.771,402.8667,194.0,0.0,0.0909,0.0909,0.0,1,0.0667,0.2667,0.3137,0.0085,0.1818,0.796,0.6603,0.0,391.0,0.0,0.0,1
1511836222,Нейрогера,neurogera,,1,1,0,0,0,1,0,591,5,0.528,1689.2,1694.0,0.0,0.4,0.4,0.0,1,0.2,0.0,0.1731,0.0034,0.0,0.7149,0.7201,0.0,2031.0,0.012,0.0,0
1520797727,DevelGuru | Заметки программиста,develguru,,1,1,0,0,0,0,0,1453,6,0.918,962.6667,592.0,0.3333,0.6667,0.6667,0.0,1,0.5,0.0,0.6316,0.0029,0.0556,0.8263,0.7469,0.1667,29.0,0.0,0.0,0
1585487065,Нейроканал,neuro_channel,,1,1,0,0,0,1,0,1672,12,0.962,1472.5,1150.5,0.0833,0.75,0.75,0.0,1,0.0,0.0,0.0189,0.002,0.0,0.741,0.6141,0.0,805.5,0.0099,0.0,0
1669170920,ForgetMe | Нейросети,forgetmeai,,1,1,0,0,0,1,0,3850,2,3.516,478.0,478.0,0.0,1.0,1.0,0.0,1,0.0,0.0,0.2447,0.0039,0.0,0.9433,0.537,0.0,1038.0,0.0047,0.0,0
1706082502,ШАМСИНУР ижоди,SHAMSINURIJODI,,1,0,1,0,0,1,1,2723,5,1.973,326.2,95.0,0.2,,0.0,0.0,0,0.4,0.0,0.0,0.002,0.2,0.9513,0.2649,0.0,17646.0,0.0026,0.0001,0
1728423897,Satont.,satontdev,,1,0,1,0,0,0,0,600,3,0.469,1117.6667,1165.0,0.3333,0.3333,0.3333,0.0,1,0.0,0.0,0.0638,0.0019,0.1026,0.8059,0.5984,0.3333,424.0,0.0195,0.0094,0
1741956568,AI и грабли,,,1,0,1,0,0,0,0,389,120,0.45,788.4083,646.5,0.0333,0.1308,0.1682,0.0374,1,0.0,0.0417,0.0979,0.0036,0.1139,0.8124,0.6245,0.215,220.5,0.0139,0.0,0
1789402202,Веб Новости,netculturetech0,,1,1,0,0,0,1,1,1885,3,3.57,175.6667,103.0,0.0,1.0,1.0,0.0,1,0.0,0.0,0.0,0.0,0.0,0.9184,0.4484,0.0,83.0,0.0079,0.0,0
1817554245,Нейросила & Neiroseti,n_seti,,1,1,0,0,0,1,1,3880,10,3.147,809.5,759.5,0.0,0.9,0.9,0.0,1,0.2,0.0,0.4562,0.0025,0.0455,0.7992,0.4151,0.0,371.0,0.0094,0.0,0
1818023780,Никита Титов 🪄 Ai АВТОМАТИЗАЦИЯ,neo_ikigai,,1,1,0,0,0,1,0,1587,4,1.399,827.75,754.5,0.0,0.5,0.5,0.0,1,0.25,0.0,0.3391,0.001,0.0,0.7334,0.6772,0.0,618.5,0.0075,0.0027,0
1824035968,"AI Бизнес | Aшот Онлайн | Вкалывают роботы, счастлив Человек",ashotonline,,1,1,0,0,0,1,0,756,2,0.588,679.5,679.5,0.5,0.5,0.5,0.0,1,0.0,0.0,0.3542,0.0025,0.0,0.8581,0.8086,0.0,94.0,0.0417,0.0,0
1835584351,Таиланд | Новости и Туризм 🇹🇭,news_from_thailand,,1,0,1,0,1,1,0,259,10,5.396,1076.8,1221.5,0.0,,0.0,0.0,0,0.2,0.0,0.4254,0.004,0.1402,0.79,0.6184,0.0,536.0,0.0036,0.0,1
1842072335,Алексей Гладких: Разработка Через Тупость,gaxeliy_tdd,,1,1,0,0,0,0,0,755,5,0.726,1501.6,1419.0,0.0,0.8,0.8,0.0,1,0.0,0.0,0.0097,0.0025,0.0,0.7824,0.5561,0.4,196.0,0.0305,0.014,0
1857105323,Паттайя Барахолка,pattaya2nd,,1,0,1,0,1,1,0,785,17,16.354,377.2353,216.0,0.0,,0.0,0.0,0,0.1765,0.0,0.4803,0.0038,0.1116,0.8463,0.5952,0.0,8832.0,0.0,0.0,1
1884458659,Технозаметки Малышева,tsingular,,1,1,0,0,0,1,0,5674,8,4.85,1025.0,1017.5,0.0,0.5,0.5,0.0,1,0.0,0.375,0.0298,0.0038,0.0,0.819,0.8164,0.0,1201.0,0.0113,0.0007,0
1904018622,How2AI,How2AI,,1,1,0,0,0,1,0,879,8,0.774,574.0,381.5,0.0,0.5,0.5,0.0,1,0.125,0.125,0.4953,0.0041,0.0,0.8444,0.4843,0.0,3718.0,0.0084,0.0014,0
1904042808,Tips AI | IT & AI,tips_ai,,1,0,1,0,0,1,0,2453,8,2.082,716.25,729.5,0.0,0.2857,0.5714,0.2857,1,0.0,0.0,0.2003,0.0014,0.1342,0.8027,0.5702,0.0,2395.5,0.0106,0.0024,0
1909270971,ИИволюция 👾,ai_volution,,1,1,0,0,0,1,0,1129,7,1.016,1497.7143,1686.0,0.0,1.0,1.0,0.0,1,0.0,0.0,0.0458,0.002,0.0909,0.6985,0.8063,0.0,1373.0,0.0084,0.0049,0
1910171669,BotHub AI News Digest,bothub,,1,1,0,0,0,1,0,722,4,1.587,2482.75,2696.5,0.0,1.0,1.0,0.0,1,0.5,0.0,0.158,0.0019,0.0,0.6891,0.5958,0.0,591.0,0.0291,0.0,0
1919589336,AI для Разработки — Claude | Cursor | Copilot,ai_for_dev,,1,1,0,0,0,0,0,1118,8,1.125,883.875,870.0,0.0,0.875,0.875,0.0,1,0.0,0.0,0.2047,0.0074,0.0417,0.8261,0.6243,0.125,81.0,0.0,0.0,0
1924990383,✧ | ᴠᴀᴍᴏs ᴀ ᴄᴀsᴀʀɴᴏs |,vamos_ss,,1,0,1,0,1,1,0,162484,15,140.314,530.8,264.0,0.0,,0.0,0.0,0,0.0,0.0,0.4389,0.0057,0.1384,0.844,0.7319,0.0,49.0,0.0,0.0,1
1950493870,Симоньян Маргарита,simonyan_margorita,,1,1,0,0,0,0,0,1578,3,1.469,742.6667,707.0,0.0,0.6667,0.6667,0.0,1,0.3333,0.0,0.4134,0.0028,0.1,0.8057,0.5116,0.3333,110.0,0.0,0.0,0
1968557132,NΞXUS,newsnexusai,,1,1,0,0,1,1,0,187,6,18.7,2042.3333,1754.0,0.0,1.0,1.0,0.0,1,0.3333,0.0,1.1034,0.0046,0.0,0.7457,0.6076,0.0,6.0,0.0,0.0,1
1972763250,Рассказы для души 🎀,rasskaz_dlya_dushi,,1,0,1,0,1,1,0,3405,3,8.265,688.0,659.0,0.0,,0.0,0.0,0,0.0,0.0,0.1468,0.0063,0.2121,0.8552,0.5521,0.0,346.0,0.0036,0.0,1
2001699162,AIDEA | ИИ для менеджмента,aidea4work,,1,1,0,0,0,1,0,132,5,0.153,855.8,681.0,0.0,0.4,0.4,0.0,1,0.2,0.2,0.5008,0.0065,0.0545,0.7912,0.6711,0.0,1104.0,0.0072,0.0,0
2009271609,Founder Mode,foundermodeon,,1,0,1,0,0,0,0,106,105,0.121,1511.6476,1365.0,0.0,0.28,0.29,0.01,1,0.0286,0.0857,0.0621,0.006,0.2629,0.7825,0.6711,0.07,1013.0,0.018,0.0022,0
2039352394,Nargiza USANBOYEVA,usanboyeva,,1,0,1,0,1,1,0,4253,4,5.303,298.5,136.5,0.0,,0.0,0.0,0,0.0,0.0,0.0,0.0064,0.2143,0.8897,0.7944,0.0,14374.0,0.0098,0.0,1
2110712053,THAI.PRO | Новости Таиланда,Thai_PRO_channel,,1,1,0,0,0,1,0,203,10,4.229,1040.8,918.5,0.0,0.8,0.8,0.0,1,0.4,0.0,0.8619,0.012,0.0308,0.7903,0.8837,0.0,225.5,0.0,0.0,0
2164405738,Мебельная фабрика HoReCa | KAIDZENDAO,kaidzendao_horeca,,1,1,0,0,0,1,0,112,5,0.168,959.0,948.0,0.0,0.8,0.8,0.0,1,0.0,0.0,0.0919,0.0073,0.0824,0.834,0.5559,0.0,84.0,0.0,0.0,0
2166879417,Data&AI Insights,data_ai_insights,,1,1,0,0,0,1,0,143,6,9.533,880.1667,906.0,0.0,0.8333,0.8333,0.0,1,0.0,0.0,0.5136,0.0042,0.0,0.7746,0.7904,0.0,24.0,0.151,0.0,0
2180971711,ALT StarterKit (P11),alt_gnome_starterkit,,1,1,0,0,1,1,0,650,2,650.0,2013.0,2013.0,0.0,1.0,1.0,0.0,1,0.5,0.5,0.1715,0.0041,0.0278,0.6693,0.6082,0.0,16.0,0.0,0.0,1
2184417466,Лента AI новостей by KIRRO Digital,lenta_AI,,1,1,0,0,0,1,0,1808,8,2.799,3546.625,3846.5,0.0,1.0,1.0,0.0,1,0.0,0.0,0.0,0.0001,0.0,0.6522,0.6362,0.0,28.5,0.0,0.0,0
2207225569,НЕЙРОВАЙБ,neiro_vibe,,1,1,0,0,0,1,0,1434,120,8.963,826.725,738.5,0.0,0.55,0.55,0.0,1,0.175,0.0,0.7084,0.0019,0.0093,0.8052,0.6302,0.0,41.0,0.0825,0.0,0
2278966453,Comfy UIX,comfyuix,,1,0,1,0,0,1,1,582,6,1.113,516.6667,499.0,0.0,0.1667,0.5,0.3333,1,0.0,0.0,0.1404,0.0051,0.182,0.8453,0.3891,0.0,117.0,0.0,0.0,0
2295935311,golden lily cf & daily . www 🪷🧀,GoldenLily_011,,1,0,0,1,0,1,0,206,2,0.494,470.0,470.0,0.0,,0.0,0.0,0,0.5,0.0,1.2281,0.0223,0.0227,0.8077,0.9216,0.0,27801.0,0.0191,0.0,0
2318828601,1st AI WEEKLY DIGEST,ai_weekly_digest,,1,0,1,0,0,1,0,940,6,1.975,893.3333,618.5,0.0,0.0,0.5,0.5,1,0.0,0.1667,0.0333,0.0093,0.427,0.8636,0.5186,0.0,147.5,0.0156,0.0,0
2348625982,🟢 LongoShort - Analytics🔴,LongoShortCrypto,,1,1,0,0,1,1,0,4705,24,7.921,318.0417,229.5,0.0,0.6842,0.6842,0.0,1,0.4583,0.0,1.9467,0.0129,0.0,0.9056,0.5955,0.0,177.5,0.0,0.0,1
2374755610,IT Does Matter,comol_it_does_matter,,1,1,0,0,0,1,0,1369,10,2.864,659.4,457.5,0.0,0.5556,0.5556,0.0,1,0.3,0.0,0.3797,0.0034,0.037,0.8313,0.5641,0.0,914.5,0.0103,0.0018,0
2382736969,Автоматизируй и властвуй,startup_14day,,1,1,0,0,0,0,0,653,7,1.474,1119.8571,1185.0,0.0,0.8571,0.8571,0.0,1,0.0,0.0,0.0784,0.0096,0.0948,0.8015,0.5356,0.1429,522.0,0.0167,0.0,0
2400290453,katsuba.live,katsuba_live,,1,1,0,0,1,1,0,106,7,7.067,692.8571,624.0,0.0,0.8571,0.8571,0.0,1,0.0,0.0,0.156,0.0018,0.0,0.7679,0.5529,0.0,23.0,0.0,0.0,1
2408484404,Visario | Новости про нейросети | ИИ | Ai,VisarioChannel,,1,1,0,0,0,1,0,505,120,2.349,493.3083,412.5,0.0,0.5426,0.5957,0.0532,1,0.05,0.0,0.5849,0.0064,0.0711,0.8659,0.6028,0.0106,1055.5,0.0093,0.0,0
2431478241,Соло-Бизнес на ИИ и Маркетинге,product_leader,,1,1,0,0,0,1,0,79,3,0.151,1157.3333,903.0,0.0,1.0,1.0,0.0,1,0.0,0.0,0.2953,0.0067,0.0729,0.7987,0.7237,0.0,33.0,0.0476,0.0,0
2466648030,Город Рассказов 🌇,gorodraskazi,,1,0,1,0,0,1,0,1773,4,4.641,599.25,586.5,0.0,,0.0,0.0,0,0.0,0.0,0.0,0.0061,0.1389,0.854,0.6045,0.0,272.0,0.0028,0.0,0
2525515531,Багодельня Соколовского 👾,makebugger,,1,0,1,0,0,0,0,101,7,0.25,2218.2857,2117.0,0.0,0.2857,0.4286,0.1429,1,0.1429,0.0,0.2357,0.0061,0.1246,0.7457,0.7507,0.1429,793.0,0.0311,0.0069,0
2529177525,ПОДРАБОТКА САНКТ-ПЕТЕРБУРГ,spbrabota77777,,1,0,1,0,1,0,0,2048,5,8.291,380.0,377.0,0.0,,0.0,0.0,0,0.0,0.0,0.671,0.0059,0.1143,0.8813,0.616,0.2,58.0,0.0,0.0,1
2567470272,Start ИИ,start_in_ai,,1,1,0,0,0,1,0,1843,9,4.473,777.0,908.0,0.0,0.5556,0.5556,0.0,1,0.0,0.0,0.2417,0.0034,0.0486,0.8247,0.6073,0.0,28.0,0.0,0.0,0
2578059692,BlackDragon🔥,blackdragontehno,,1,0,1,0,0,1,0,2690,10,7.959,469.2,506.5,0.0,0.375,0.5,0.125,1,0.2,0.0,0.2485,0.0072,0.1569,0.9018,0.4906,0.0,126.5,0.0369,0.0,0
2593553072,Код нашего разума,CodeOurMind,,1,0,1,0,0,1,0,67,3,0.305,1419.6667,1163.0,0.0,0.0,0.3333,0.3333,1,0.0,0.0,0.3184,0.0097,0.2348,0.8135,0.6084,0.0,196.0,0.0471,0.0,0
2595165285,Заместители,aideputies,,1,0,1,0,0,0,0,187,7,0.507,2542.4286,2360.0,0.0,0.2857,0.5714,0.2857,1,0.0,0.0,0.2187,0.0026,0.2222,0.726,0.6732,0.2857,699.0,0.0205,0.0,0
2674365272,Нейроскуф | Про Нейросети&AI,neyroskuf,,1,1,0,0,0,0,0,627,8,1.633,1174.5,1034.0,0.0,0.4286,0.5714,0.1429,1,0.125,0.0,0.2392,0.0048,0.0,0.797,0.5427,0.4286,464.5,0.0081,0.0,0
2821415889,Телеграм + Нейросети,neuraltelegram,,1,0,1,0,0,1,1,1269,9,4.919,475.8889,398.0,0.0,0.2222,0.4444,0.2222,1,0.1111,0.0,0.1459,0.0061,0.1,0.8669,0.3619,0.0,17.0,0.0,0.0,0
2878024168,Иван — ИИ на практике,ivan_ai_practice,,1,1,0,0,0,1,0,104,5,0.367,1823.6,1686.0,0.0,0.8,0.8,0.0,1,0.0,0.0,0.1016,0.0046,0.0222,0.7337,0.6042,0.0,299.0,0.0601,0.0045,0
2929506020,˗ˏˋ OCA1B ´ˎ˗,OCA1B,,1,1,0,0,0,1,0,100,2,0.368,359.5,359.5,0.0,1.0,1.0,0.0,1,0.5,0.0,1.4493,0.0016,0.0,0.6667,0.5025,0.0,658.5,0.1332,0.0092,0
2933149495,Высоконагруженный кабанчик,data_intensive_boar,,1,0,1,0,0,1,0,83,3,0.474,1598.3333,1876.0,0.0,0.3333,0.3333,0.0,1,0.0,0.0,0.0,0.0054,0.1813,0.7881,0.721,0.0,260.0,0.0269,0.0,0
2971430454,TONGGI SALOMLAR🌷,Xayrli_tong_Tabriklari,,1,0,0,1,1,1,1,1592,4,9.202,207.0,199.5,0.0,,0.0,0.0,0,0.5,0.0,1.5653,0.0239,0.0,0.8625,0.4245,0.0,13415.5,0.0023,0.0019,1
2989691770,AI for Devs,ai_for_devs,,1,1,0,0,0,1,0,220,7,0.786,740.2857,550.0,0.0,1.0,1.0,0.0,1,0.0,0.0,0.2258,0.0074,0.0119,0.7621,0.7347,0.0,4559.0,0.0343,0.0,0
3011158109,Кот Денисова,itDenisov,,1,1,0,0,0,1,0,151,5,0.624,2213.4,2156.0,0.0,0.6,0.6,0.0,1,0.2,0.0,0.3254,0.009,0.0,0.7144,0.549,0.0,362.0,0.0218,0.0,0
3013763702,🤖 Пост ИИ — Искусственный интеллект,aipost_ru,,1,1,0,0,0,1,1,134,8,8.375,586.625,489.5,0.0,0.5714,0.5714,0.0,1,0.0,0.0,0.1636,0.0022,0.0714,0.8238,0.4194,0.0,6.5,0.4643,0.0,0
3018570210,"Gojo Manga Titles | Новые главы манги, манхвы, маньхуа и ранобэ",GojoMangaTitles,,1,1,0,0,1,1,0,5693,13,22.413,414.7692,399.0,0.0,1.0,1.0,0.0,1,0.4615,0.0,1.3274,0.008,0.0,0.8922,0.7616,0.0,1527.0,0.0038,0.0005,1
3124480986,НейроАзбука,neiro_azbuka,,1,0,1,0,0,1,0,279,2,1.24,1228.5,1228.5,0.0,,0.0,0.0,0,0.0,0.0,0.3896,0.0072,0.2222,0.7783,0.5801,0.0,229.0,0.0123,0.0123,0
3127623346,ИИ в деле | Daniil Moskalenko,AI_unstoppable,,1,1,0,0,0,1,0,59,5,0.551,1207.4,1181.0,0.0,0.8,0.8,0.0,1,0.2,0.0,0.3065,0.0082,0.0273,0.7923,0.6589,0.0,412.0,0.0264,0.0,0
3249743986,Похек AI,poxek_ai,,1,1,0,0,0,0,0,258,8,1.167,927.875,289.5,0.0,0.5,0.5,0.0,1,0.0,0.125,0.0448,0.0009,0.0238,0.8547,0.6444,0.1667,229.0,0.01,0.0,0
3255069969,Деньги Без Границ,BorderFreeMoney,,1,1,0,0,0,1,0,352,2,1.653,1298.0,1298.0,0.0,0.5,0.5,0.0,1,0.5,0.0,1.2192,0.0027,0.0,0.8314,0.6626,0.0,77.0,0.17,0.0,0
3490427327,ПРО ТВОЙ СВЕТ - ЭТО ТВОЯ СИЛА.🌞,training_rostov1,,1,0,1,0,0,1,1,747,3,4.851,210.3333,98.0,0.0,,0.0,0.0,0,0.3333,0.0,2.5057,0.0068,0.1667,0.9091,0.3083,0.0,6.0,0.0,0.0,0
3522806084,Bohomolov Lab,BohomolovLab,,1,1,0,0,0,1,0,212,8,1.317,2412.0,2369.5,0.0,1.0,1.0,0.0,1,0.125,0.0,0.2862,0.0001,0.0,0.7258,0.5434,0.0,146.0,0.0031,0.0,0
3687920115,ai проделки Насти Бир,aibirn,,1,0,1,0,0,1,0,95,3,0.617,725.3333,669.0,0.0,0.3333,0.3333,0.0,1,0.0,0.0,0.3965,0.002,0.2619,0.8429,0.6462,0.0,248.0,0.11,0.0287,0
3721319346,Ты Легенда 🦁,ty_legend,,1,1,0,0,0,1,0,213,4,2.29,476.5,523.5,0.0,0.5,0.5,0.0,1,0.25,0.0,1.046,0.0116,0.0938,0.8956,0.5993,0.0,61.5,0.0311,0.0,0
1028916447,HABR FEED + OPENNET,tmfeed,,0,0,0,0,1,1,0,2232,17,139.5,294.5882,233.0,0.0,0.1765,0.1765,0.0,1,0.0,0.0,0.0,0.0099,0.0,0.7945,0.4758,0.0,73.0,0.0,0.0,1
1052974022,Fashion Factory School,hacking_fashion,,0,0,0,0,0,1,0,7024,12,1.938,822.5833,780.0,0.0833,,0.0,0.0,0,0.0,0.0,0.2117,0.0034,0.0,0.7889,0.7479,0.0,757.0,0.0169,0.0015,0
1074970917,️️Басюк Ирина. Красивый Бизнес,irinabasyuk,,0,0,0,0,0,1,0,4966,16,1.46,942.4375,547.5,0.1875,0.1429,0.1429,0.0,1,0.0625,0.0625,0.6061,0.0044,0.0451,0.7902,0.6924,0.0,1606.5,0.0069,0.0,0
1077646875,ScrumTrek,scrumtrek_official,,0,0,0,0,0,1,1,1160,5,0.348,854.0,798.0,0.2,0.2,0.2,0.0,1,0.2,0.2,0.4112,0.0031,0.0,0.8081,0.4462,0.0,693.0,0.0147,0.0,0
1091636339,ОНАЛАР КАНАЛИ _N1,Onalar_Kanali_Ayollar_Hikoyalar,,0,0,0,0,1,1,0,20465,10,5.742,269.9,308.5,0.5,,0.0,0.0,0,0.5,0.0,2.7238,0.002,0.0,0.8731,0.6465,0.0,19674.5,0.0014,0.0,1
1098261237,🔥 GESS ▪︎ заметки на полях ◾︎,GessOlga,,0,0,0,0,0,0,1,1275,120,1.923,414.475,213.5,1.0,0.163,0.163,0.0,1,0.0,0.0083,0.4871,0.0012,0.0258,0.8779,0.4224,0.0435,194.0,0.0175,0.0095,0
1106998917,КСТАТИ,kstati_p,,0,0,0,0,1,1,0,21553,30,15.709,613.0667,259.5,0.0667,,0.0455,0.0,0,0.0333,0.0667,0.1027,0.0027,0.0207,0.8754,0.6883,0.0,43474.0,0.0037,0.0,1
1114106002,Рунет (Новости про ИТ),runet,,0,0,0,0,1,1,0,11345,16,6.498,426.3125,330.0,0.125,0.125,0.125,0.0,1,0.0,0.0,0.0,0.0007,0.0,0.8985,0.4629,0.0,156.0,0.0091,0.0,1
1128853616,Настольные игры Паттайя,game_ptt,,0,0,0,0,0,1,1,216,7,4.909,233.4286,142.0,0.0,,0.0,0.0,0,0.0,0.0,0.2538,0.0003,0.0,0.9002,0.4153,0.0,0.0,0.0,0.0,0
1136214108,Om1: Новости Новосибирска и России,Om1_nsk,,0,0,0,0,1,1,0,25146,7,11.078,723.5714,690.0,0.1429,,0.0,0.0,0,0.0,0.0,0.2708,0.0034,0.0,0.8214,0.5216,0.0,860.0,0.0029,0.0012,1
1136605823,Бойлерная,boilerroomchannel,,0,0,0,0,1,1,1,23140,36,7.211,1241.3056,1061.0,0.6111,,0.0278,0.0,0,0.0,0.1667,0.0177,0.0006,0.0253,0.8144,0.4343,0.0,83670.5,0.0,0.0,1
1138219339,Инсайды,coin_inside,,0,0,0,0,1,1,0,27205,120,17.723,578.5,291.0,1.0,0.2143,0.2143,0.0,1,0.0083,0.1833,0.1714,0.0021,0.0142,0.8624,0.474,0.0102,105.5,0.0,0.0,1
1179238799,БП онлайн,bponline,,0,0,0,0,0,1,1,139556,120,54.792,177.3833,90.0,0.3083,,0.0,0.0,0,0.0,0.275,0.028,0.0014,0.0352,0.9073,0.3175,0.0,19128.5,0.0195,0.0,0
1185396158,Highload — медіа для розробників,highloadtoday,,0,0,0,0,1,1,0,2709,68,5.563,499.2206,440.5,1.0,0.1515,0.1515,0.0,1,0.0,0.0147,0.0,0.0004,0.0,0.9036,0.5614,0.0,1599.0,0.0,0.0,1
1192725107,Михаил Салаев. YouTube-продюсер | Эксперты на виду,naviduu_blog,,0,0,0,0,0,1,0,671,7,0.217,1316.0,1121.0,0.1429,0.2857,0.2857,0.0,1,0.1429,0.0,0.198,0.0064,0.0286,0.7444,0.7082,0.0,103.0,0.0526,0.0,0
1194530865,PRO NFT,pronfti,,0,0,0,0,1,1,0,4290,7,1072.5,295.5714,281.0,0.0,0.1429,0.1429,0.0,1,0.0,0.0,0.4372,0.0,0.0,0.9422,0.5456,0.0,18.0,0.0,0.0,1
1199473665,Роман Пузат про инвестиции и не только,webpuzat,,0,0,0,0,0,1,0,1922,4,0.738,1125.5,1069.0,0.25,,0.0,0.0,0,0.25,0.0,0.4261,0.0055,0.05,0.779,0.7726,0.0,273.5,0.0091,0.0,0
1224515374,"Анна Артемьева ТА ""РИО""✈️🗺⛵",rioturkamensk,,0,0,0,0,0,1,0,1272,7,0.616,926.2857,802.0,0.4286,,0.0,0.0,0,0.0,0.0,3.1219,0.0113,0.0,0.7416,0.8616,0.0,22.0,0.0,0.0,0
1251782083,🐊Seva торгует🐊,sevaexp,,0,0,0,0,0,0,0,527,3,0.247,1759.6667,891.0,0.6667,,0.0,0.0,0,0.3333,0.0,0.3014,0.006,0.0,0.7293,0.5818,0.3333,7664.0,0.0051,0.0,0
1282795327,"ГТРК ""Калуга""",gtrk_kaluga,,0,0,0,0,1,1,1,40538,50,19.221,399.52,390.5,0.24,,0.02,0.0,0,0.0,0.0,0.0,0.0005,0.0197,0.8591,0.43,0.0,169.5,0.0,0.0,1
1288155192,Дина Дмитриева | из команды ПРОФИ,dina_profi,,0,0,0,0,0,1,0,136,120,0.237,1008.6417,778.0,0.0417,,0.0286,0.0,0,0.0667,0.0,0.4529,0.0053,0.0656,0.806,0.7143,0.0,177.0,0.0376,0.004,0
1293157156,DIVENT - ДИДЖИТАЛ ИНТЕРАКТИВЫ,diventdigital,,0,0,0,0,0,1,0,159,3,0.055,860.3333,956.0,0.3333,0.3333,0.3333,0.0,1,0.0,0.0,0.2765,0.0038,0.0,0.8219,0.51,0.0,164.0,0.0183,0.0,0
1299080443,КультТорг блог,culttorg_eco,,0,0,0,0,0,1,0,1141,8,1.06,698.125,574.0,0.0,,0.0,0.0,0,0.125,0.125,0.3714,0.005,0.0,0.8113,0.6463,0.0,363.0,0.0356,0.0025,0
1312110011,Русские во Франции. Чат.,russian_france,,0,0,0,0,1,1,0,24822,40,9.478,510.125,224.5,0.025,0.1333,0.1333,0.0,1,0.075,0.0,4.5581,0.0037,0.0778,0.7604,0.5351,0.0,0.0,0.0,0.0,1
1319806235,Furry Yana,furryyana,,0,0,0,0,0,1,0,655,1,655.0,36.0,36.0,0.0,,0.0,0.0,0,0.0,0.0,0.0,0.0,0.0,0.0,0.0,0.0,1509.0,0.0702,0.002,0
1329220569,Паттайя на опыте ;),thaiLife,,0,0,0,0,1,0,0,1200,11,25.0,303.0,230.0,0.0,,0.0,0.0,0,0.0909,0.0,0.4681,0.0053,0.0,0.8907,0.5807,0.1111,0.0,0.0,0.0,1
1360063056,Наша Самара ЧП ДТП,Samara7,,0,0,0,0,1,1,1,11758,6,8.015,1011.6667,992.0,0.1667,,0.0,0.0,0,0.0,0.0,0.0,0.0005,0.0,0.7888,0.4437,0.0,87.5,0.0,0.0,1
1362280865,dev.by: главные ИТ-новости Беларуси,devby,,0,0,0,0,0,1,0,13446,12,4.445,725.0,710.0,0.0833,0.1667,0.1667,0.0,1,0.0833,0.0,0.5443,0.0047,0.0,0.7889,0.515,0.0,5082.0,0.0065,0.0,0
1401131635,"Биогранд - питомец доволен, хозяин счастлив!",biograndsamara,,0,0,0,0,0,1,0,1248,120,4.894,565.625,522.0,0.4417,,0.0357,0.0,0,0.1083,0.0,0.4462,0.0012,0.0189,0.8279,0.5818,0.0089,217.0,0.0394,0.0,0
1402371376,Вместе медиа,vmestemedia,,0,0,0,0,0,0,0,6740,14,2.814,1051.4286,577.5,0.2143,0.2308,0.2308,0.0,1,0.0,0.2143,0.1158,0.0024,0.0224,0.8121,0.654,0.0769,341.0,0.0091,0.0,0
1404615466,Компания Андрей Отинов,onffru,,0,0,0,0,0,1,1,1036,3,0.665,401.0,436.0,0.3333,,0.0,0.0,0,0.0,0.3333,0.0,0.0,0.0,0.8565,0.2925,0.0,7.0,0.0,0.0,0
1415696625,Better Trader,DannyTheTrader,,0,0,0,0,0,0,0,1385,0,0.0,0.0,0.0,0.0,,0.0,0.0,0,0.0,0.0,0.0,0.0,0.0,0.0,0.0,0.0,0.0,0.0,0.0,0
1421273754,Жизнь как новелла,art_alema,,0,0,0,0,0,1,0,1739,7,0.822,620.7143,374.0,0.1429,,0.0,0.0,0,0.0,0.0,0.1896,0.0,0.0,0.8086,0.5959,0.0,38.0,0.0,0.0312,0
1429405274,Системный гуманИИст - блог Романа Воробьёва,FirstonOzon,,0,0,0,0,0,1,1,1172,3,0.55,601.3333,312.0,0.3333,0.3333,0.3333,0.0,1,0.0,0.0,0.0,0.0024,0.0,0.9139,0.3923,0.0,383.0,0.0136,0.0,0
1436080000,AI Journal,AIJourn,,0,0,0,0,0,1,0,2934,10,2.425,573.0,476.5,0.0,0.1,0.1,0.0,1,0.0,0.0,0.0602,0.0038,0.0,0.8858,0.6101,0.0,76.0,0.0,0.0,0
1451080566,UZBOOM,UZBOOM,,0,0,0,0,1,1,0,15857,9,9.284,211.6667,205.0,0.2222,,0.0,0.0,0,0.2222,0.0,0.6264,0.0108,0.0714,0.95,0.6929,0.0,32270.0,0.0,0.0,1
1469997644,Виза в Таиланд ✈️ Тай,vtai_ru,,0,0,0,0,0,1,1,194,6,4.311,201.3333,199.0,0.0,0.2,0.2,0.0,1,0.0,0.0,0.1691,0.0022,0.0,0.8745,0.3629,0.0,0.0,0.0,0.0,0
1503909517,Дело не в кофе,baristasss,,0,0,0,0,0,0,0,1402,3,31.156,1943.3333,1875.0,0.0,0.0,0.3333,0.3333,1,0.0,0.0,0.0,0.0004,0.0,0.7011,0.733,0.3333,226.0,0.1062,0.0,0
1549583135,Arcadia Beach Resort Condo Pattaya / Аркадия Кондо Паттайя,ArcadiaBeachResort,,0,0,0,0,0,1,0,57,7,1.188,344.5714,259.0,0.0,0.25,0.25,0.0,1,0.2857,0.0,1.1947,0.0052,0.0,0.8854,0.6603,0.0,0.0,0.0,0.0,0
1554210501,Marianna Travel,mariannatravel,,0,0,0,0,1,1,0,14761,13,8.597,877.2308,859.0,0.0769,,0.0,0.0,0,0.3846,0.0,2.1992,0.0006,0.0,0.8124,0.7855,0.0,398.0,0.0052,0.0,1
1560354715,лапчик царапчик,lapchik_tsarapchik,,0,0,0,0,0,0,0,1166,8,0.795,545.5,522.5,0.125,0.125,0.125,0.0,1,0.0,0.125,0.1958,0.0007,0.0,0.83,0.6144,0.25,2302.5,0.0015,0.0013,0
1579825926,Psy Forest Family,psyforestfamily,,0,0,0,0,0,1,0,433,5,10.561,908.4,878.0,0.0,,0.0,0.0,0,0.0,0.0,0.0896,0.0,0.0,0.8225,0.5623,0.0,179.0,0.1902,0.0355,0
1581248640,ТУЛАСМИ | Регион71,tulasmi,,0,0,0,0,1,1,1,27788,42,17.997,470.4286,346.5,0.0476,,0.0,0.0,0,0.0238,0.0238,0.2777,0.0057,0.0085,0.901,0.4472,0.0,92.0,0.0,0.0,1
1583655041,Агентство. Новости,agentstvonews,,0,0,0,0,0,0,0,10289,31,6.664,3055.5484,3129.0,0.129,0.1613,0.1613,0.0,1,0.0323,0.0,0.0188,0.0019,0.0,0.6725,0.6429,0.0323,23493.0,0.0137,0.0,0
1602071695,«СУТЬ ВЕЩЕЙ» | Центр интеллектуальных практик Андрея Курпатова,myshlenie_kurpatov,,0,0,0,0,0,1,0,1711,5,1.286,1417.6,1524.0,0.2,0.2,0.2,0.0,1,0.4,0.0,0.324,0.0055,0.0,0.8508,0.6349,0.0,1148.0,0.0111,0.0078,0
1607935622,Seven Seas Condo Pattaya,sevenseascondo,,0,0,0,0,1,1,0,986,16,20.542,245.3125,117.0,0.0,,0.0,0.0,0,0.25,0.0,1.605,0.0055,0.0,0.9048,0.7978,0.0,0.0,0.0,0.0,1
1613689879,Галактическое путешествие,cosmicuniverseviews,,0,0,0,0,0,0,0,1748,10,2.953,333.2,349.5,0.0,,0.0,0.0,0,0.0,0.0,0.2962,0.0003,0.0,0.928,0.4677,0.125,27.0,0.0,0.0,0
1614688599,Нейронавт | Нейросети в творчестве,GreenNeuralRobots,,0,0,0,0,0,0,0,5747,10,3.5,381.5,216.5,0.1,-0.1111,0.1111,0.2222,1,0.0,0.1,0.2697,0.0027,0.088,0.8371,0.5023,0.1111,1608.5,0.0054,0.0,0
1622600569,Men's Priority Club,MensPriorityClub,,0,0,0,0,0,1,0,887,8,0.585,674.0,726.5,0.25,0.1429,0.1429,0.0,1,0.125,0.125,0.5507,0.0078,0.0536,0.8488,0.7377,0.0,374.0,0.0106,0.0,0
1626217905,НЯН · Технологии,nyannews_tech,,0,0,0,0,0,0,0,25767,46,18.379,935.6304,815.0,0.0652,0.3696,0.3913,0.0217,1,0.0,0.0,0.2959,0.0032,0.0,0.7249,0.6991,0.0217,203.0,0.0,0.012,0
1629571532,Искин media,iskinmedia,,0,0,0,0,0,1,0,380,120,2.36,1176.9,1090.5,1.0,0.3193,0.3193,0.0,1,0.0667,0.0,0.2736,0.0094,0.0465,0.7864,0.7595,0.0168,431.5,0.0,0.0,0
1652214258,Pavel Korolev. Потяжелее,pavelkorolevxyz_channel,,0,0,0,0,0,0,0,376,120,1.201,948.9667,836.5,0.75,0.1504,0.1858,0.0354,1,0.0,0.0417,0.0433,0.0019,0.0292,0.8046,0.5911,0.2124,52.0,0.0,0.0,0
1652872338,НИИ Медиапром,nii_mediaprom,,0,0,0,0,0,1,0,158,120,0.414,1410.625,1299.5,0.0,0.1583,0.1583,0.0,1,0.0417,0.0,0.0976,0.0041,0.0,0.8068,0.6393,0.0167,208.5,0.0137,0.0,0
1662017787,Екатерина Потиченко,schoolofbloging,,0,0,0,0,0,1,0,377,1,377.0,1184.0,1184.0,0.0,,0.0,0.0,0,0.0,0.0,0.2534,0.0008,0.0,0.7529,0.699,0.0,77.0,0.0649,0.0,0
1671887526,RSI GARANT — СЕРВИС ПО ПЕРЕВОДАМ,garantrsi,,0,0,0,0,0,1,0,1070,120,1.74,788.1,684.0,0.0583,0.1176,0.1176,0.0,1,0.1833,0.0333,0.3937,0.0029,0.036,0.8285,0.5799,0.0,247.5,0.0342,0.0,0
1674915221,qalwwa,qalwwa1,,0,0,0,0,0,1,0,322,71,0.22,95.6338,51.0,0.0986,,0.0,0.0,0,0.0,0.0423,0.6876,0.0015,0.0,0.8387,0.5598,0.0,327.0,0.0246,0.0054,0
1687141357,Больше,bolshenews,,0,0,0,0,1,1,1,13865,20,8.922,169.8,126.5,0.35,,0.0,0.0,0,0.0,0.0,0.3464,0.0019,0.0,0.932,0.2385,0.0,48069.5,0.0,0.0,1
1691774568,МОДАИДЕТ : АФИША,ModaidetPro,,0,0,0,0,0,1,0,1808,6,1.862,434.8333,502.5,0.0,,0.0,0.0,0,0.0,0.0,0.0832,0.0044,0.0,0.8882,0.5505,0.0,285.5,0.0275,0.0039,0
1693323837,counted ssh,countedssh,,0,0,0,0,0,0,1,1936,120,2.454,170.2,91.0,0.075,0.1622,0.1622,0.0,1,0.025,0.1,0.4518,0.0054,0.0225,0.8849,0.393,0.0811,208.0,0.0,0.0,0
1698577704,ГБУ АО «Зейский КЦСОН «Родник»,rodnik_zeya,,0,0,0,0,0,1,0,1396,3,0.897,666.6667,725.0,0.3333,,0.0,0.0,0,0.0,0.0,0.1938,0.0015,0.0,0.8913,0.4981,0.0,49.0,0.0204,0.0,0
1707455979,"Медведица, давай про маркетинг",Davaipromarketing,,0,0,0,0,0,1,0,322,4,0.267,1422.25,1429.0,0.0,,0.0,0.0,0,0.0,0.0,0.2765,0.0056,0.0,0.7669,0.7195,0.0,48.5,0.0612,0.0,0
1731301684,3D Новости,tg_3dnews,,0,0,0,0,0,1,1,5042,9,3.458,895.4444,969.0,0.2222,0.3333,0.3333,0.0,1,0.0,0.0,0.0,0.0008,0.0,0.8375,0.3847,0.0,449.0,0.0,0.0,0
1732713411,Новости Кошелька,cryptowallet_news_cis,,0,0,0,0,0,1,0,615,115,0.384,963.6174,881.0,0.1391,0.0811,0.0811,0.0,1,0.0435,0.0348,0.2963,0.0069,0.0218,0.7626,0.5204,0.0,255022.0,0.0034,0.0,0
1742008370,Riviera Jomtien,riviera_jomtien,,0,0,0,0,1,1,0,43359,8,33.534,188.375,82.5,0.125,0.3333,0.3333,0.0,1,0.0,0.0,0.2625,0.0056,0.0,0.8088,0.5457,0.0,0.0,0.0,0.0,1
1743918117,Podcast2.0,PodcastMS,,0,0,0,0,0,1,0,762,4,2.134,1095.25,1208.0,0.0,0.25,0.25,0.0,1,0.0,0.0,0.4153,0.0032,0.0,0.7667,0.6564,0.0,632.5,0.0087,0.0,0
1750475343,🧑‍🍳ПАЗАНДА БЕКАЖОН🧑‍🍳,pazanda_bekajon_ayollar,,0,0,0,0,0,1,0,765,4,0.744,383.75,360.0,0.0,0.25,0.25,0.0,1,0.5,0.0,3.9417,0.0127,0.0,0.8287,0.5517,0.0,7481.5,0.0014,0.0,0
1751839121,ИА «Социальные Сети»,snetworks,,0,0,0,0,0,1,1,2284,9,1.784,830.0,790.0,0.1111,0.1111,0.1111,0.0,1,0.1111,0.0,0.312,0.0058,0.0,0.8518,0.3958,0.0,420.0,0.0,0.0,0
1770860520,ПАТТАЙЯ ЧАТ 🇹🇭 ОБЪЯВЛЕНИЯ,ArendaPattaia,,0,0,0,0,1,1,0,19378,120,65.466,224.6917,132.5,0.0,0.058,0.058,0.0,1,0.0417,0.0,0.4701,0.0043,0.0226,0.875,0.6253,0.0,0.0,0.0,0.0,1
1786886040,ВАЛЕНТИНА КОМИССАРЕНКО/ Нейрографика,valentinademehina,,0,0,0,0,0,1,1,1068,4,0.665,130.25,131.5,0.25,,0.0,0.0,0,0.0,0.0,0.9375,0.0033,0.0,1.0,0.4431,0.0,12.5,0.1883,0.1169,0
1792022853,Perfecto,perfecto_department,,0,0,0,0,0,1,1,1573,1,1573.0,183.0,183.0,0.0,,0.0,0.0,0,0.0,0.0,0.5464,0.0055,0.0,0.9655,0.2704,0.0,30.0,0.1667,0.0,0
1806077373,Чат Развлечения Паттайя,Pattaya_Games,,0,0,0,0,0,1,0,52,7,1.083,744.2857,891.0,0.0,0.1429,0.1429,0.0,1,0.1429,0.4286,0.8536,0.0053,0.0306,0.8248,0.5703,0.0,351.0,0.0008,0.0,0
1817262103,Bitexes Crypto Trading news,BitexesCryptoTrading,,0,0,0,0,1,1,0,67201,42,55.954,82.0952,69.5,0.0,0.25,0.25,0.0,1,0.0,0.0,0.2941,0.0007,0.0,0.9683,0.4577,0.0,2.0,0.0,0.0,1
1819374592,MF FM,midnightfounder,,0,0,0,0,0,1,0,211,2,0.233,446.0,446.0,0.0,,0.0,0.0,0,0.0,0.0,0.0,0.0012,0.0,0.7619,0.5766,0.0,64.5,0.0,0.0385,0
1825468065,Манга | NeLeaks,neleaks,,0,0,0,0,0,0,0,53451,0,0.0,0.0,0.0,0.0,,0.0,0.0,0,0.0,0.0,0.0,0.0,0.0,0.0,0.0,0.0,0.0,0.0,0.0,0
1827692471,ЗДЕСЬ ЖИВЕТ ЗДОРОВЬЕ,mani_mani_manis,,0,0,0,0,0,1,0,708,3,0.595,378.0,291.0,0.0,,0.0,0.0,0,0.0,0.0,0.2354,0.0058,0.0,0.9481,0.733,0.0,8.0,0.0183,0.0,0
1829905359,Софико про 💸и🤎с блога,sofiko_maz,,0,0,0,0,0,1,0,976,2,0.791,542.5,542.5,0.0,,0.0,0.0,0,0.0,0.0,0.2161,0.0038,0.0,0.8311,0.5613,0.0,1211.0,0.0256,0.017,0
1844469990,Тайны Диджитала,notbugbutfeature2024,,0,0,0,0,0,1,0,1913,8,3.095,250.875,220.0,0.0,0.1667,0.1667,0.0,1,0.125,0.0,0.7774,0.0,0.0,0.951,0.5415,0.0,47.5,0.0,0.0,0
1846863259,"IT тусовки Паттайя (devs, digital, AI)",it_party_pattaya,,0,0,0,0,1,0,1,234,9,14.625,365.1111,242.0,0.0,0.1667,0.1667,0.0,1,0.1111,0.2222,0.39,0.0045,0.0357,0.8391,0.3845,0.1667,67.5,0.0079,0.0,1
1847036845,Даша – фабрика контента 👯‍♀️,mediaeda,,0,0,0,0,0,1,0,1100,10,0.879,551.4,513.5,0.1,,0.0,0.0,0,0.0,0.0,0.4582,0.001,0.0,0.8386,0.584,0.0,125.0,0.0884,0.0,0
1853779109,Паттайя Чат 🏝️ Объявления | Таиланд,pattayachatthailand,,0,0,0,0,0,1,1,201,8,4.277,359.75,186.0,0.0,0.1429,0.1429,0.0,1,0.25,0.0,0.6316,0.0082,0.0179,0.8663,0.2879,0.0,0.0,0.0,0.0,0
1857929188,ТИЛАКЛАРИМ,tilaklarimZamzamaS,,0,0,0,0,0,1,0,2155,4,1.755,421.25,412.0,0.0,,0.0,0.0,0,0.25,0.25,1.6967,0.0034,0.0,0.8154,0.7022,0.0,17394.0,0.0015,0.0,0
1862449925,Размышления IT-шнего госслужащего,zametkyneIT,,0,0,0,0,0,1,0,1023,3,0.895,132.0,114.0,0.0,,0.0,0.0,0,0.0,0.0,0.0,0.0,0.0,0.9032,0.4974,0.0,116.0,0.0245,0.0,0
1863378485,🔥🔥🔥ТУРЫ🔥🔥🔥,deluxtour,,0,0,0,0,0,1,0,827,6,0.705,409.3333,389.5,0.0,,0.0,0.0,0,0.0,0.0,1.9239,0.0045,0.0,0.8205,0.5374,0.0,100.0,0.0,0.0,0
1867184045,Музыкально-игровая Паттая,pesni_v_pattaya,,0,0,0,0,1,1,0,556,4,15.027,134.25,66.0,0.0,,0.0,0.0,0,0.25,0.0,1.9178,0.0137,0.0,0.9245,0.4923,0.0,0.0,0.0,0.0,1
1877929309,802,,,0,0,0,0,1,1,0,50,21,6.25,138.9048,51.0,0.0,0.2,0.2,0.0,1,0.0,0.0952,0.0474,0.0018,0.0,0.7886,0.5154,0.0,331472.0,0.0,0.0,1
1881315245,АФИША ПАТТАЙЯ 🇹🇭 МЕРОПРИЯТИЯ,AfishaPattaia,,0,0,0,0,0,1,0,90,12,2.093,646.0,605.5,0.0,0.2,0.2,0.0,1,0.3333,0.0833,1.0231,0.0055,0.0873,0.7759,0.5682,0.0,34812.0,0.0,0.0,0
1890269306,🌺𝐁𝐀​𝐗​​𝐓​ ​𝐊​​𝐎​‘​𝐂​​𝐇​𝐀​𝐒​​𝐈​🌺,Baxt_kuchasi01,,0,0,0,0,0,1,0,1065,4,0.97,661.25,426.0,0.0,,0.0,0.0,0,0.5,0.0,1.8233,0.004,0.0,0.9097,0.7683,0.0,13203.5,0.0007,0.0,0
1931221451,Простые Новости,moneynewswork,,0,0,0,0,0,1,0,524,8,0.492,456.375,440.0,0.0,0.125,0.25,0.125,1,0.0,0.0,0.0,0.0008,0.0,0.9003,0.5116,0.0,246.0,0.0,0.0,0
1934176807,AI Новости — ChatGPT | Claude | Нейросети,ai_chatbots_news,,0,0,0,0,1,1,0,152,6,9.5,861.1667,918.5,0.0,0.3333,0.6667,0.3333,1,0.0,0.0,0.1746,0.0131,0.0556,0.8342,0.7498,0.0,22.0,0.0,0.0,1
1945898585,Реальный Таиланд Новости,Thailand_Real,,0,0,0,0,0,1,1,465,17,9.688,635.4118,605.0,0.0,,0.0,0.0,0,0.0,0.0,0.2812,0.0028,0.0267,0.8454,0.4135,0.0,3377.0,0.0121,0.0,0
1959988936,AIдейный контент,chistotext,,0,0,0,0,0,0,0,117,117,0.117,700.094,488.0,0.0,-0.1188,0.2277,0.3465,1,0.0342,0.0085,0.4799,0.0022,0.0341,0.8302,0.6622,0.0792,1602.0,0.0212,0.0049,0
1967866152,"Движение Первых Емельяновский | О, КРУГ!",mypervieemelr,,0,0,0,0,0,1,0,868,120,4.593,626.675,562.0,0.0,,0.0169,0.0,0,0.075,0.15,0.5146,0.0015,0.0022,0.8727,0.8295,0.0,105.0,0.0092,0.0,0
1969259659,PADEZHNOV ⟫ Продуктивность · Стартапы · ИИ,padezhnov,,0,0,0,0,0,1,0,116,3,0.108,796.3333,716.0,0.0,,0.0,0.0,0,0.0,0.0,0.0941,0.0046,0.0417,0.8024,0.719,0.0,61.0,0.0164,0.0,0
1974548683,"Манимейкинг, SEO, ПФ | Павлик Торчков🔝",seo_boost,,0,0,0,0,0,1,0,773,4,0.93,753.75,343.5,0.0,0.25,0.25,0.0,1,0.0,0.0,0.5013,0.0115,0.0357,0.865,0.6149,0.0,316.5,0.0219,0.0016,0
1997034059,gencode_chat.py,,,0,0,0,0,1,0,0,4748,90,5.051,323.4778,122.5,0.0,0.2444,0.3556,0.1111,1,0.0,0.3,0.0468,0.0052,0.0973,0.8241,0.4828,0.0444,548.0,0.004,0.0049,1
2006194727,Mikhail Kolobov | Gamedev Forge,GamedevForge,,0,0,0,0,0,0,0,312,3,0.348,583.0,527.0,0.0,0.0,0.3333,0.3333,1,0.0,0.0,0.0,0.0013,0.0,0.8675,0.4887,0.3333,791.0,0.0164,0.0,0
2016759462,"Сабай-санук. 🇹🇭 Таиланд, общение, новости",sabai_sanuk,,0,0,0,0,1,1,0,348,15,7.25,677.4667,693.0,0.0,,0.0,0.0,0,0.0667,0.1333,0.6347,0.0023,0.0364,0.8447,0.6287,0.0,839.5,0.0,0.0,1
2056909974,Андрей | 🇨🇳 Анализ,china_social_commerce,,0,0,0,0,0,1,0,376,3,0.443,884.3333,728.0,0.0,0.3333,0.3333,0.0,1,0.3333,0.0,0.3286,0.0002,0.0,0.7699,0.5887,0.0,471.0,0.0212,0.0,0
2097124648,Siam Oriental Condos Паттайя,siamcondos,,0,0,0,0,1,1,0,812,7,17.277,1060.2857,773.0,0.0,,0.0,0.0,0,0.0,0.0,0.183,0.0024,0.0,0.7904,0.6809,0.0,0.0,0.0,0.0,1
2110057363,ГосЦиФра,gostsifra,,0,0,0,0,0,1,0,990,9,1.095,1418.7778,1221.0,0.0,0.1111,0.1111,0.0,1,0.1111,0.5556,0.2591,0.003,0.0101,0.7905,0.5936,0.0,151.0,0.0065,0.0,0
2133659898,Нейросети | Вайбкодинг | GenAI,aibizlife,,0,0,0,0,0,1,0,2602,6,2.943,988.1667,877.0,0.0,0.1667,0.5,0.3333,1,0.0,0.0,0.0,0.0023,0.0833,0.8757,0.5633,0.0,19.0,0.0,0.0,0
2140674236,Марсель про контекст 🤓,itsblackfriday,,0,0,0,0,0,0,0,434,4,0.454,314.5,268.5,0.0,-0.5,0.0,0.5,1,0.0,0.0,0.0,0.0,0.0,0.8462,0.6384,0.5,471.5,0.0197,0.0224,0
2226815687,Короткие рассказы📚,mini_packaz,,0,0,0,0,1,1,0,4910,4,7.231,1157.5,616.5,0.0,,0.0,0.0,0,0.25,0.0,0.1302,0.0024,0.0,0.8506,0.57,0.0,391.0,0.0044,0.0,1
2249742223,ПАТТАЙЯ ЧАТ 🇹🇭 ОБЩЕНИЕ,pattaiachat_ask,,0,0,0,0,1,1,1,14314,13,298.208,221.1538,158.0,0.0,,0.0,0.0,0,0.0,0.0769,0.5171,0.0021,0.0,0.8841,0.4073,0.0,34575.0,0.0,0.0,1
2268140094,Наталья Брагарь ГРАНТЫ 💬,bragarnatalia,,0,0,0,0,0,0,0,383,5,0.803,809.6,663.0,0.0,0.0,0.2,0.2,1,0.0,0.0,0.7532,0.0047,0.0857,0.7966,0.6878,0.2,81.0,0.0294,0.0,0
2329264400,Света вокруг Света✈️✈️✈️,tur_irk_Sveta,,0,0,0,0,0,1,0,187,2,0.395,221.5,221.5,0.0,,0.0,0.0,0,0.5,0.0,3.6036,0.003,0.0,0.92,0.6369,0.0,50.5,0.1652,0.0192,0
2335607095,Alpha Pulse IA — Cripto em Português,AlphaPulseAI,,0,0,0,0,0,0,0,77,0,0.0,0.0,0.0,0.0,,0.0,0.0,0,0.0,0.0,0.0,0.0,0.0,0.0,0.0,0.0,0.0,0.0,0.0,0
2345582305,🧠 НЕЙРОСЕТИ | С 0 ДО PRO,neurointelekt,,0,0,0,0,0,1,0,504,9,1.061,797.8889,801.0,0.0,0.125,0.125,0.0,1,0.3333,0.1111,0.8774,0.0061,0.0329,0.8032,0.5981,0.0,152.0,0.0,0.0,0
2383371960,Ваш турагент Vikki 🌍,vikkitours,,0,0,0,0,0,1,0,1452,10,2.449,600.8,591.0,0.0,0.1,0.1,0.0,1,0.1,0.0,0.4736,0.0108,0.0,0.8257,0.5943,0.0,390.5,0.0093,0.0,0
2390103074,✨ ГОЛОС ВСЕЛЕННОЙ✨,voices_universe,,0,0,0,0,0,1,0,1088,2,2.03,225.5,225.5,0.0,,0.0,0.0,0,0.0,0.0,2.3058,0.0,0.0,0.9495,0.8116,0.0,36.0,0.3971,0.0,0
2448797955,Директор Крипты,crypt_forex,,0,0,0,0,0,1,0,761,5,3.73,962.0,330.0,0.0,0.25,0.25,0.0,1,0.2,0.0,0.3673,0.0047,0.0,0.7789,0.6895,0.0,523.0,0.0,0.0,0
2450426298,Maple Barrel,maplebarrel,,0,0,0,0,1,1,0,3107,4,7.415,1564.75,1732.0,0.0,-0.25,0.0,0.25,1,0.0,0.0,0.0,0.0011,0.0357,0.7988,0.9783,0.0,38.0,0.0,0.0,1
2452244273,PATTAYA MOTION INC.,pattaya_motion_inc,,0,0,0,0,1,1,1,418,6,8.708,379.6667,174.0,0.0,0.25,0.25,0.0,1,0.1667,0.1667,0.6827,0.0002,0.0,0.8822,0.401,0.0,373.0,0.0054,0.0,1
2465379064,Обмен криптовалюты | CITYKRIPTO,citykripto,,0,0,0,0,1,1,0,3174,13,5.006,659.9231,595.0,0.0,0.2308,0.2308,0.0,1,0.1538,0.0,0.4913,0.0046,0.0,0.803,0.5833,0.0,5.0,0.0,0.0,1
2468352050,"Канон? Не, не слышали",mylovehuaqing,,0,0,0,0,0,1,0,614,9,1.185,1253.3333,392.0,0.0,,0.0,0.0,0,0.0,0.0,0.0392,0.0044,0.0,0.7622,0.5106,0.0,550.0,0.0537,0.0013,0
2547977454,Илья Измайлов — Vibe living,ilia_izmailov,,0,0,0,0,0,0,1,136,4,0.368,502.75,296.5,0.0,0.0,0.25,0.25,1,0.0,0.0,0.0,0.0006,0.0,0.8902,0.3964,0.25,3552.5,0.011,0.0013,0
2579698810,🌿Информация проКрипту💱,Allthecrypt,,0,0,0,0,0,1,0,292,120,2.835,1720.4833,1431.5,0.0,0.2821,0.2821,0.0,1,0.1167,0.0,0.3002,0.0033,0.0164,0.766,0.5541,0.0171,30.5,0.0,0.0,0
2639066958,Рассказы 📚,in_rasskaz,,0,0,0,0,0,1,0,2407,4,7.765,723.25,638.5,0.0,,0.0,0.0,0,0.0,0.0,0.0734,0.0022,0.0,0.8341,0.6139,0.0,258.0,0.0201,0.0,0
2694960513,Claude Code Community,claudecodeteam,,0,0,0,0,1,1,1,1351,14,28.146,534.6429,101.0,0.0,0.3333,0.3333,0.0,1,0.0,0.0714,0.0805,0.0025,0.0,0.8432,0.3861,0.0,123.0,0.0,0.0,1
2702473127,DEKSDEN notes,deksden_notes,,0,0,0,0,0,0,0,583,9,1.869,1271.3333,1106.0,0.0,0.3333,0.3333,0.0,1,0.0,0.0,0.2468,0.0046,0.0417,0.796,0.7325,0.3333,735.0,0.0152,0.0069,0
2732806103,ZIKZAK.STORE,TG_ZIKZAK_STORE,,0,0,0,0,0,0,0,374,4,1.558,1725.75,1703.5,0.0,,0.0,0.0,0,0.5,0.0,0.5241,0.002,0.0312,0.7607,0.8178,0.25,16.5,0.0357,0.0,0
2854567095,🍅 🐊 Аи Помогатор,ii_pomogator,,0,0,0,0,0,1,0,182,3,0.605,753.0,275.0,0.0,0.0,0.3333,0.3333,1,0.0,0.0,0.2424,0.0054,0.0,0.8289,0.6709,0.0,179.0,0.0,0.0,0
2917875465,Баг за бабки 🤖 AI практика,bugzabucks,,0,0,0,0,0,0,0,59,2,0.284,2307.5,2307.5,0.0,0.0,0.5,0.5,1,0.0,0.0,0.2647,0.0007,0.0,0.7029,0.6329,0.5,94.5,0.0056,0.0,0
2927148131,AI Photo STUDIO by RuslanKhazi,AiStudioRuslanKhazi,,0,0,0,0,0,0,0,485,120,3.17,1396.3833,981.5,0.0,0.1667,0.1667,0.0,1,0.0,0.0,0.0825,0.0012,0.056,0.7995,0.6021,0.075,67.0,0.0,0.0,0
2953145396,PROсвет души: Натали ProPsi🧘‍♀,prosvetdushinatali,,0,0,0,0,0,1,0,209,120,1.659,1402.6583,1401.0,0.0,,0.0182,0.0,0,0.075,0.0,0.9037,0.0064,0.0648,0.7797,0.6048,0.0182,124.5,0.0766,0.0,0
3032099125,"Турагентство ""География""",OOOevgiriia,,0,0,0,0,0,1,0,191,4,0.823,1049.5,668.5,0.0,,0.0,0.0,0,0.25,0.0,1.4909,0.0004,0.0,0.7936,0.6392,0.0,75.5,0.0,0.0,0
3061072345,Вайбкодинг комьюнити,vibecoding_community,,0,0,0,0,1,0,1,46123,120,313.762,116.8167,76.5,0.0,0.0588,0.1176,0.0588,1,0.0083,0.0333,0.0645,0.0012,0.0,0.9063,0.4196,0.0294,9956.5,0.0003,0.0004,1
3198115981,musicians confession[🫀🎼],musiciansconfession,,0,0,0,0,0,1,0,155,5,0.752,368.4,223.0,0.0,0.25,0.25,0.0,1,0.2,0.0,1.2248,0.0036,0.0,0.8753,0.7619,0.0,165.0,0.0182,0.0145,0
3351076621,Spirit,crypto_spirit_lt,,0,0,0,0,0,1,0,249,8,1.332,689.75,672.5,0.0,0.25,0.25,0.0,1,0.0,0.125,0.0,0.0027,0.05,0.7395,0.7113,0.0,972.0,0.0351,0.0051,0
3384815073,Котёнок Играет,Konmjd,,0,0,0,0,0,1,0,359,13,2.62,852.0769,927.0,0.0,0.3846,0.3846,0.0,1,0.3846,0.0,0.5761,0.0015,0.0,0.852,0.6495,0.0,103.0,0.0107,0.0,0
3638130957,AV_Vibe-Кодинг,av_vibe_coding,,0,0,0,0,0,1,0,137,6,0.867,1117.8333,1085.5,0.0,0.1667,0.1667,0.0,1,0.0,0.0,0.0,0.0002,0.0,0.8048,0.5979,0.0,132.0,0.0128,0.0057,0
1036417826,🎥 AUDIOLAR 🔊,AUDIO_HAZLLAR,ad,0,0,0,0,0,0,0,501,3,0.194,135.6667,119.0,0.3333,,0.0,0.0,0,0.6667,0.0,1.4778,0.0049,0.0,0.9167,0.5418,0.0,12695.0,0.0015,0.0,0
1106957801,Anonyma,Bewusstseinswandel2020,repost,0,0,0,0,0,0,0,257,65,0.122,396.2,263.0,0.5846,0.0833,0.0833,0.0,1,0.0615,0.9846,0.5821,0.0032,0.0035,0.8876,0.5489,0.0208,23.0,0.0,0.0,0
1161158152,Namoz Vaqti Taqvim,Nomoz_Vaqtlarim,ad,0,0,0,0,0,0,0,252,3,0.302,224.0,197.0,0.0,,0.0,0.0,0,0.6667,0.0,1.7295,0.0092,0.1481,0.893,0.5673,0.0,11704.0,0.002,0.0,0
1210813975,TheFuchserFiles,TheFuchserFiles,repost,0,0,0,0,0,1,0,50,14,0.065,511.9286,390.5,0.5,,0.0,0.0,0,0.1429,1.0,0.8776,0.0037,0.0,0.9185,0.6542,0.0,799.5,0.0,0.0,0
1262554287,@Die_Unbeugsamen,freier_informationskanal,repost,0,0,0,0,0,1,0,50,15,0.071,353.2667,184.0,0.9333,,0.0,0.0,0,0.0,0.8667,1.3484,0.0027,0.0,0.9117,0.7009,0.0,71.0,0.0,0.0,0
1313219126,Q Patrioten News! Marijo,patriotiQbalkan,repost,0,0,0,0,0,1,0,938,115,0.796,552.7913,301.0,0.4348,,0.0408,0.0,0,0.113,0.9913,0.4642,0.0036,0.0161,0.8776,0.5659,0.0,30.0,0.0,0.0,0
1338603068,Teich ️️️️️️,TeichWWG1WGA,repost,0,0,0,0,0,1,0,451,33,0.439,493.5152,386.0,0.5455,0.0909,0.0909,0.0,1,0.0303,1.0,0.6605,0.0023,0.0,0.9098,0.6878,0.0,260.0,0.0,0.0,0
1343748219,Rus tilini O'rganamiz,rustili,ad,0,0,0,0,0,0,0,6457,4,2.774,776.75,694.5,0.25,,0.0,0.0,0,0.75,0.0,3.3162,0.0114,0.0,0.7515,0.3824,0.0,9808.0,0.0025,0.0,0
1359496046,ШАЙХ САБОҚЛАРИ ️️,ShayxSaboqlariuz,ad,0,0,0,0,0,0,0,5518,5,2.396,470.8,235.0,0.2,0.25,0.25,0.0,1,0.6,0.0,2.7691,0.0045,0.0789,0.9079,0.7685,0.0,22876.0,0.0001,0.0,0
1423584530,"КОРЕКС | Авто из Кореи, Китая и Японии",korex_official,ad,0,0,0,0,0,0,0,3428,5,2.433,751.6,815.0,0.2,0.4,0.4,0.0,1,0.8,0.0,0.7036,0.0127,0.0,0.8153,0.8203,0.0,1068.0,0.0122,0.0,0
1464234155,✨✨✨ᵂᴬQᴱᵁᴾᵂᴼᴿᴸᴰ✨✨✨ 🄰🅁🄲🄷🄸🅅✨✨✨,waqeupworld,repost,0,0,0,0,0,1,0,623,56,0.336,627.6429,413.0,0.6429,0.1042,0.1042,0.0,1,0.1071,0.9821,0.4463,0.0035,0.0,0.8736,0.6607,0.0,18.5,0.0,0.0,0
1467977358,УНГУРЕНКО | про нейросети и продажи,ungurenko_adout_digital,ad,0,0,0,0,0,0,0,763,7,0.367,1528.0,1698.0,0.1429,0.4286,0.5714,0.1429,1,0.8571,0.0,0.8736,0.01,0.0148,0.7615,0.5431,0.0,574.0,0.0173,0.0035,0
1485270733,ШАЙХ САБОҚЛАРИ,Shayx_Saboqlari_suralar_duolar,ad,0,0,0,0,0,0,0,3560,5,1.789,555.0,424.0,0.2,,0.0,0.0,0,0.8,0.0,2.4429,0.0098,0.04,0.8306,0.8501,0.0,14209.0,0.0011,0.0,0
1589632387,ОП - новости про Linux и всё что связано с it,ObychnyPolzovatelNEWS,repost,0,0,0,0,0,1,0,4940,7,2.844,1381.5714,1367.0,0.1429,0.3333,0.3333,0.0,1,0.2857,0.8571,0.2938,0.0037,0.0093,0.7373,0.6506,0.0,180.0,0.0256,0.0,0
1601277778,Анекс | Пегас | Корал | Самара | Кузнецк,travelrestart,ad,0,0,0,0,0,0,0,5461,10,4.29,831.8,863.0,0.0,,0.0,0.0,0,0.8,0.0,1.3671,0.0169,0.0438,0.8328,0.6519,0.0,237.0,0.0085,0.0,0
1602008118,PressAff.com | Арбитраж трафика,pressaff,ad,0,0,0,0,0,0,0,1463,9,1.037,1040.7778,1120.0,0.1111,0.5556,0.5556,0.0,1,0.5556,0.0,0.6309,0.0131,0.0,0.7886,0.6994,0.1111,142.0,0.1104,0.0,0
1611089655,Паттайя 🇹🇭 Чат обо всём!,PattayaVse,ad,0,0,0,0,0,0,0,715,11,14.896,622.2727,577.0,0.0,0.4444,0.4444,0.0,1,0.5455,0.4545,1.1782,0.0087,0.0974,0.8355,0.6102,0.0,2229.0,0.0,0.0,1
1682905740,AGGREGATOR,WEB3_AGGREGATOR,repost,1,1,0,0,1,0,0,30585,52,28.267,1116.0,835.5,0.0,0.549,0.549,0.0,1,0.2308,1.0,0.3786,0.0084,0.0507,0.775,0.601,0.0392,338.5,0.0,0.0,1
1706909817,BY.ARTO💰| Crypto | AI,byarto1,ad,0,0,0,0,0,0,0,3387,7,2.228,852.0,832.0,0.1429,0.2857,0.2857,0.0,1,0.5714,0.0,0.6848,0.0075,0.0,0.8183,0.5598,0.0,475.0,0.0243,0.0093,0
1719673320,Паттайя 🇹🇭 Пхукет Новости,Novosti_Thailand,ad,0,0,0,0,0,0,0,193,7,4.021,1435.1429,1056.0,0.0,0.1429,0.1429,0.0,1,0.8571,0.0,0.7085,0.0052,0.0303,0.7174,0.6166,0.0,1100.0,0.0039,0.0,0
1738404351,Нейросети - SAV AI,SAV_AI,ad,0,0,0,0,0,0,0,4618,10,3.967,2908.3,3214.0,0.0,0.5,0.7,0.2,1,0.9,0.0,1.2762,0.0101,0.2239,0.7083,0.6879,0.0,226.5,0.0238,0.0017,0
1768551477,"🥗🥙🍚🍱 Еда, Thai food. Весь Таиланд 🇹🇭",foodpat,ad,0,0,0,0,0,0,0,164,11,4.316,894.1818,746.0,0.0,0.2727,0.2727,0.0,1,0.6364,0.3636,1.4922,0.0046,0.0121,0.835,0.7126,0.0,214.0,0.0,0.0,0
1827338656,Недвижимость Таиланда ATHOME | Паттайя Пхукет,athomeasia,ad,0,0,0,0,0,0,0,84,11,1.75,1223.6364,1242.0,0.0,,0.0,0.0,0,0.9091,0.0,0.7946,0.0056,0.0,0.7394,0.6238,0.0,1328.0,0.0128,0.0,0
1841517451,Инфо Паттайя Экскурсии Погода☀️,info_pattaya,ad,0,0,0,0,0,0,0,494,6,0.377,1242.3333,1299.0,0.1667,,0.0,0.0,0,0.8333,0.0,1.2076,0.005,0.0,0.7175,0.7409,0.0,367.5,0.0,0.0,0
1855671275,АФИША ТАИЛАНД 🇹🇭 МЕРОПРИЯТИЯ,AfishaThailand_INF,ad,0,0,0,0,0,0,0,247,11,6.333,747.0909,708.0,0.0,0.1,0.1,0.0,1,0.5455,0.1818,1.4021,0.0057,0.0759,0.7658,0.6002,0.0,0.0,0.0,0.0,1
1908559068,Pazanda ayollar,Salat_va_pishiriq_bekalar_uchun,ad,0,0,0,0,0,0,0,591,3,2.627,353.3333,338.0,0.0,,0.0,0.0,0,0.6667,0.0,2.663,0.0111,0.0,0.9129,0.5389,0.0,5231.0,0.0012,0.0,0
1939502654,Оқибатли қадрдонлар!!!,otam_onam_yaqinlarim_jigarlarim,ad,0,0,0,0,0,0,0,1508,4,10.329,400.5,405.0,0.0,,0.0,0.0,0,0.75,0.0,5.0196,0.0226,0.0,0.7718,0.4965,0.0,7273.0,0.0008,0.0,1
1968050683,Закрепи.sender,heartysender,repost,1,1,0,0,1,0,0,217220,120,394.945,616.3417,289.0,0.0,0.4725,0.4725,0.0,1,0.075,1.0,0.3125,0.0063,0.0585,0.841,0.5075,0.0769,89.5,0.0,0.0,1
2022153454,📈 Слив платных каналов по трейдингу 📈 Слив VIP сигналов 📈 Агрегатор VIP каналов 📈 Sliv signal 📈,KapitanSlivaaa,ad,0,0,0,0,0,0,0,11497,3,28.96,590.6667,441.0,0.0,0.6667,0.6667,0.0,1,0.6667,0.6667,1.6545,0.0023,0.0,0.8381,0.7186,0.0,7.0,0.0,0.0,1
2042038390,X100NABANK,X100NABANK,ad,0,0,0,0,0,0,0,1581,120,10.611,799.3167,780.5,0.0,0.5508,0.5508,0.0,1,0.7167,0.0167,0.8542,0.0087,0.1961,0.7718,0.7144,0.1017,238.0,0.0089,0.0,1
2095510087,ПУТЕШЕСТВУЕМ ВЫГОДНО,travel_vigoda,ad,0,0,0,0,0,0,0,2105,120,11.079,795.25,784.0,0.0,,0.0167,0.0,0,0.6333,0.0,0.9602,0.0072,0.0139,0.7928,0.7223,0.0,54.0,0.0238,0.0,0
2119084262,ИИзвестия 🤖,aizvestia,ad,0,0,0,0,0,0,0,1513,11,2.05,1052.6364,1033.0,0.0,0.6364,0.6364,0.0,1,0.5455,0.0,0.518,0.0049,0.3516,0.8203,0.696,0.0,248.0,0.0037,0.0,0
2141672482,Мамы/отцы в Таиланде 🇹🇭,moms_Thailand,ad,0,0,0,0,0,0,0,55,7,1.196,602.5714,574.0,0.0,0.5714,0.5714,0.0,1,0.5714,0.7143,1.1359,0.003,0.0,0.839,0.5885,0.0,281.0,0.0,0.0,0
2155115364,RUS TILI | MOHIRA ERDANOVA,erdanovamohira,ad,0,0,0,0,0,0,0,1197,3,1197.0,881.3333,874.0,0.0,,0.0,0.0,0,1.0,0.0,3.0925,0.0031,0.0,0.7815,0.3465,0.0,27.0,0.0345,0.0,0
2171309227,Roman App$,sam_sebe_ceo,repost,1,0,1,0,0,1,0,138,3,0.199,814.3333,1075.0,0.0,0.3333,0.3333,0.0,1,0.0,1.0,0.0842,0.0014,0.125,0.8371,0.4736,0.0,104.0,0.0,0.0,0
2405535431,PD.Crypto,PD_crypto_official,ad,0,0,0,0,0,0,0,930,3,1.755,1764.3333,1972.0,0.0,0.6667,0.6667,0.0,1,1.0,0.0,1.8176,0.0253,0.1999,0.6451,0.9633,0.0,9.0,0.4444,0.0,0
2417969414,Новости AI и Нейросетей с Сашей Мальцевым,maltsevdaily,repost,1,1,0,0,1,1,0,126,9,9.0,1367.2222,1009.0,0.0,0.6667,0.7778,0.1111,1,0.2222,1.0,0.6445,0.0021,0.0,0.8114,0.8757,0.0,39.0,0.0,0.0,1
2435531747,«ФАНТАЗЁР» Музыкальное комьюнити 🎸🎵📍Паттайя / Pattaya,jamfantazer,ad,0,0,0,0,0,0,0,59,5,1.341,650.2,746.0,0.0,,0.0,0.0,0,0.6,0.0,1.3658,0.01,0.075,0.7668,0.6196,0.0,0.0,0.0,0.0,0
2440532396,Сигналы I VIP каналы I Трейдинг,Trading_Privatki,ad,0,0,0,0,0,0,0,21121,5,53.068,536.2,415.0,0.0,0.6,0.6,0.0,1,0.6,0.6,1.8199,0.002,0.0,0.8466,0.6613,0.0,7.0,0.0,0.0,1
2449905101,AI да CRYPTO! (CRYPTO VERTEX AI),crypto_vertex_neuro,ad,0,0,0,0,0,0,0,6600,10,14.286,1177.1,1152.0,0.0,0.3,0.3,0.0,1,0.7,0.0,0.595,0.0013,0.0,0.7954,0.3954,0.0,22.0,0.0,0.0,1
2506333658,Crypto Compass,Crypto_Compass_Geo,ad,0,0,0,0,0,0,0,4256,2,78.815,988.5,988.5,0.0,1.0,1.0,0.0,1,1.0,0.0,3.0443,0.0298,0.0,0.821,0.7281,0.0,175.5,0.0613,0.0,0
2512674379,НАМОЗ ВАҚТЛАРИ | NAMOZ VAQTLARI,Namoz_Vaqt,ad,0,0,0,0,0,0,0,405,3,0.978,497.6667,497.0,0.0,,0.0,0.0,0,0.6667,0.0,3.2956,0.0135,0.2698,0.8452,0.727,0.0,7575.0,0.0013,0.0,0
2616040516,Горящие туры Ближе к Солнцу,tour_sale_k_solncy,ad,0,0,0,0,0,0,0,221,7,1.083,863.5714,592.0,0.0,,0.0,0.0,0,0.5714,0.0,0.7688,0.0023,0.0,0.8388,0.7395,0.0,95.0,0.0694,0.0,0
2626435217,USDT ДЕНЬГИ 💵,USDTMoneyCrypto,ad,0,0,0,0,0,0,0,232,3,0.526,602.3333,762.0,0.0,0.6667,0.6667,0.0,1,1.0,0.0,2.13,0.0263,0.1667,0.8686,0.6796,0.0,2.0,0.0,0.0,0
2651145237,КайфКодинг,VibeCodingArtem,repost,2,1,1,0,0,1,0,357,6,0.908,1498.3333,1097.5,0.0,1.0,1.0,0.0,1,0.0,0.8333,0.0369,0.0065,0.1627,0.8009,0.7597,0.0,100.0,0.0194,0.0,0
2690039051,CRYPTO GOTHAM CITY,Gotham_apps,ad,0,0,0,0,0,0,0,923,2,923.0,2250.0,2250.0,0.0,1.0,1.0,0.0,1,1.0,0.0,2.7721,0.0239,0.0,0.6742,0.7063,0.0,862.0,0.0538,0.0252,0
2791464130,AI Simplify🧬,simplify_ai,ad,0,0,0,0,0,0,0,387,7,1.09,774.2857,724.0,0.0,0.5714,0.5714,0.0,1,0.5714,0.0,0.9245,0.0026,0.0,0.7987,0.5301,0.0,644.0,0.0125,0.0015,0
2807544547,𝐕𝐏 𝐊𝐎𝐍𝐅𝐀𝐀𝐀[набор в адм],vip0mecto,ad,0,0,0,0,0,0,0,2434,6,9.048,368.3333,351.0,0.0,,0.0,0.0,0,0.6667,0.6667,7.0149,0.0132,0.0,0.8641,0.7884,0.0,182.0,0.0036,0.0,1
2948687304,QARINDOSHLAR KANALI,QARlNDOSHLAR_KANALI,ad,0,0,0,0,0,0,0,550,3,5.392,107.6667,114.0,0.0,,0.0,0.0,0,1.0,0.0,0.0,0.0,0.0,0.0,0.0,0.0,6182.0,0.0013,0.0,1
3729806198,VPN работает 24/7,artvpn_235,ad,0,0,0,0,0,0,0,18653,7,222.06,432.0,435.0,0.0,0.1429,0.1429,0.0,1,1.0,0.0,1.3919,0.0046,0.0,0.8962,0.6058,0.0,1.0,0.0,0.0,1
3811247063,VPN работает 24/7,artvpn_222,ad,0,0,0,0,0,0,0,6385,5,78.827,437.6,442.0,0.0,,0.0,0.0,0,1.0,0.0,1.3746,0.0046,0.0,0.9016,0.6399,0.0,1.0,0.0,0.0,1
